{
  "designerVersion" : "1.8.39",
  "id" : "pbCheckbox",
  "name" : "Checkbox",
  "lastUpdate" : 1552321712031,
  "template" : "<div class=\"checkbox\">\n    <label>\n        <input type=\"checkbox\" name=\"{{ctrl.name}}\" ng-model=\"properties.value\" ng-required=\"properties.required\" ng-disabled=\"properties.disabled\"> {{ properties.label | uiTranslate }}\n    </label>\n    <div ng-messages=\"$form[ctrl.name].$dirty && $form[ctrl.name].$error \" ng-messages-include=\"forms-generic-errors.html\" role=\"alert\"></div>\n</div>\n",
  "icon" : "<svg xmlns='http://www.w3.org/2000/svg' viewBox='0 0 50 20'><g><path fill='#fff' d='M17,18V2h16v16H17z M16,1v18h18V1H16z M19,11l4,4l8-7l-1.7-1.7l-6.5,6.2l-2.8-2.8L19,11z'/></g></svg>",
  "controller" : "function PbCheckboxCtrl($scope, $log, widgetNameFactory) {\n\n  $scope.$watch('properties.value', function(value) {\n    if (value === 'true' || value === true) {\n      $scope.properties.value = true;\n    } else {\n      $scope.properties.value = false;\n    }\n  });\n\n  this.name = widgetNameFactory.getName('pbCheckbox');\n\n  if (!$scope.properties.isBound('value')) {\n    $log.error('the pbCheckbox property named \"value\" need to be bound to a variable');\n  }\n}\n",
  "description" : "Unique checkbox for an option. The user checks it or not",
  "custom" : false,
  "order" : 6,
  "properties" : [ {
    "label" : "Read-only",
    "name" : "disabled",
    "type" : "boolean",
    "defaultValue" : false,
    "bond" : "expression"
  }, {
    "label" : "Required",
    "name" : "required",
    "help" : "In the context of a form container, use $form.$invalid as a Boolean to check form validity in a widget property",
    "type" : "boolean",
    "defaultValue" : false,
    "bond" : "expression"
  }, {
    "label" : "Label",
    "name" : "label",
    "type" : "text",
    "defaultValue" : "Default label",
    "bond" : "interpolation"
  }, {
    "label" : "Value",
    "name" : "value",
    "caption" : "Any boolean variable: <i>myData</i> or <i>myData.attribute</i>",
    "help" : "Read-write binding, initialized or updated by users' input (bi-directional bond)",
    "type" : "text",
    "bond" : "variable"
  } ],
  "assets" : [ ],
  "requiredModules" : [ ],
  "type" : "widget",
  "hasHelp" : false
}